"Quant","Case","OutputTokens","GenTokPerSec","PromptTokens","CachedTokens","PrefillSec","WallSec","FreeGiBAfter","StopReason","HitTokenLimit","RetrievalOK","FactsOK"
"Q4_K_M","SQL","128","7.267","53","0","1.88","20.03","15.12","length","True",,
"Q4_K_M","SQL","128","7.544","53","49","0.47","17.88","15.1","length","True",,
"Q4_K_M","Context100","256","6.63","3395","0","73.55","112.48","14.87","length","True","True",
"IQ4_XS","SQL","128","5.857","53","0","2.27","24.51","16.55","length","True",,
"IQ4_XS","SQL","128","5.415","53","49","0.49","24.55","14.88","length","True",,
"IQ4_XS","Context100","256","5.171","3395","0","73","122.89","14.64","length","True","True",
"IQ4_XS","CSharp","343","6.719","178","0","4.42","56.47","14.06","stop","False",,
"IQ4_XS","Facts","78","7.047","195","0","4.4","16.01","13.73","stop","False",,"True"
"Q4_K_M","CSharp","372","8.231","178","0","4.34","49.99","14.15","stop","False",,
"Q4_K_M","Facts","78","8.649","195","0","4.35","13.85","13.83","stop","False",,"True"
